{
  "main": {
    "id": "f0a8cd9c817b4ba7",
    "type": "split",
    "children": [
      {
        "id": "dcf3f8eda4bdc847",
        "type": "tabs",
        "children": [
          {
            "id": "1a65685d81567423",
            "type": "leaf",
            "state": {
              "type": "markdown",
              "state": {
                "file": "!!! README !!!.md",
                "mode": "source",
                "source": false,
                "backlinks": true,
                "backlinkOpts": {
                  "collapseAll": false,
                  "extraContext": false,
                  "sortOrder": "alphabetical",
                  "showSearch": false,
                  "searchQuery": "",
                  "backlinkCollapsed": false,
                  "unlinkedCollapsed": true
                }
              },
              "icon": "lucide-file",
              "title": "!!! README !!!"
            }
          }
        ]
      }
    ],
    "direction": "vertical"
  },
  "left": {
    "id": "3aaf95934f043f8e",
    "type": "split",
    "children": [
      {
        "id": "fe0f8cc944bd9455",
        "type": "tabs",
        "children": [
          {
            "id": "31903cc935f43b7c",
            "type": "leaf",
            "state": {
              "type": "file-explorer",
              "state": {
                "sortOrder": "alphabetical",
                "autoReveal": false
              },
              "icon": "lucide-folder-closed",
              "title": "Files"
            }
          },
          {
            "id": "7120b6b03984e211",
            "type": "leaf",
            "state": {
              "type": "search",
              "state": {
                "query": "",
                "matchingCase": true,
                "explainSearch": false,
                "collapseAll": false,
                "extraContext": false,
                "sortOrder": "alphabetical"
              },
              "icon": "lucide-search",
              "title": "Search"
            }
          },
          {
            "id": "f1552730ee76faed",
            "type": "leaf",
            "state": {
              "type": "bookmarks",
              "state": {},
              "icon": "lucide-bookmark",
              "title": "Bookmarks"
            }
          }
        ]
      }
    ],
    "direction": "horizontal",
    "width": 200
  },
  "right": {
    "id": "3842fdeda3d1742d",
    "type": "split",
    "children": [
      {
        "id": "579daa5ced1c8141",
        "type": "tabs",
        "children": [
          {
            "id": "2c97ab87f4b2aa90",
            "type": "leaf",
            "state": {
              "type": "backlink",
              "state": {
                "collapseAll": false,
                "extraContext": false,
                "sortOrder": "alphabetical",
                "showSearch": false,
                "searchQuery": "",
                "backlinkCollapsed": false,
                "unlinkedCollapsed": true
              },
              "icon": "links-coming-in",
              "title": "Backlinks"
            }
          },
          {
            "id": "40709a4e2e0dbd23",
            "type": "leaf",
            "state": {
              "type": "outgoing-link",
              "state": {
                "linksCollapsed": false,
                "unlinkedCollapsed": true
              },
              "icon": "links-going-out",
              "title": "Outgoing links"
            }
          },
          {
            "id": "58042e1521b87753",
            "type": "leaf",
            "state": {
              "type": "tag",
              "state": {
                "sortOrder": "frequency",
                "useHierarchy": true,
                "showSearch": false,
                "searchQuery": ""
              },
              "icon": "lucide-tags",
              "title": "Tags"
            }
          },
          {
            "id": "78e959e1d1399f58",
            "type": "leaf",
            "state": {
              "type": "outline",
              "state": {
                "followCursor": false,
                "showSearch": false,
                "searchQuery": ""
              },
              "icon": "lucide-list",
              "title": "Outline"
            }
          }
        ]
      }
    ],
    "direction": "horizontal",
    "width": 300,
    "collapsed": true
  },
  "left-ribbon": {
    "hiddenItems": {
      "switcher:Open quick switcher": false,
      "graph:Open graph view": false,
      "canvas:Create new canvas": false,
      "templates:Insert template": false,
      "command-palette:Open command palette": false,
      "daily-notes:Open today's daily note": false
    }
  },
  "active": "1a65685d81567423",
  "lastOpenFiles": [
    "200 - example-topic/A - example sub-topic/A - example sub-sub-topic/example note.md",
    "!!! README !!!.md",
    "000 - index/B - tags/example link.md",
    "000 - index/C - people/example person.md",
    "000 - index/A - templates/raw-note-template.md",
    "000 - index/A - templates/journal-entry-template.md",
    "000 - index/A - templates/daily-template.md",
    "000 - index/A - templates/book-template.md",
    "100 - raw-notes/B - daily/02-06-25.md",
    "100 - raw-notes/A - books/books.md",
    "200 - example-topic/A - personal brand/Untitled.md",
    "200 - Business/A - YouTube/A - ideas/vid ideas.md",
    "200 - Business/B - products/Minimal Vault Template.md",
    "200 - example-topic/B - products",
    "200 - example-topic",
    "200 - Business/A - YouTube/B - in progress/tech I use to stay productive in 2025.md",
    "100 - raw-notes/A - books/Million Dollar Weekend.md",
    "100 - raw-notes/A - books/!!! Why We Sleep.md",
    "300 - School/IA2 - 2025-2026/Other",
    "300 - School/IA2 - 2025-2026/English Language",
    "300 - School/IA2 - 2025-2026/Psychology",
    "300 - School/IA2 - 2025-2026/Business",
    "300 - School/IA2 - 2025-2026",
    "300 - School",
    "100 - raw-notes/B - daily/31-05-25.md",
    "100 - raw-notes/A - books/Discourses.md",
    "100 - raw-notes/A - books/Meditations.md",
    "100 - raw-notes/A - books/On the Shortness of Life.md",
    "100 - raw-notes/A - books/The Art of War.md",
    "100 - raw-notes/A - books/Thinking, Fast and Slow.md",
    "100 - raw-notes/B - daily/30-05-25.md",
    "100 - raw-notes/B - daily/29-05-25.md",
    "100 - raw-notes/B - daily/28-05-25.md",
    "100 - raw-notes/B - daily/27-05-25.md",
    "100 - raw-notes/D - other/~$The power of your environment.pptx",
    "100 - raw-notes/D - other/exponential graph.png",
    "200 - Business/A - YouTube/D - assets/tech I use to stay productive TN.png",
    "200 - Business/A - YouTube/D - assets/hqdefault 2.webp",
    "200 - Business/A - YouTube/D - assets/hqdefault.webp",
    "200 - Business/A - YouTube/D - assets/hqdefault 1.webp",
    "200 - Business/A - YouTube/D - assets/hqdefault 1 1.webp",
    "100 - raw-notes/E - ideas",
    "III - YouTube/D - assets/Screenshot 2025-05-16 110225.png",
    "200 - Business/A - YouTube/D - assets/Screenshot 2025-05-16 110225 1.png",
    "200 - Business/A - YouTube/D - assets/digital focus  steup TN.png",
    "200 - Business/A - YouTube/D - assets/Pasted image 20250516111328.png",
    "Untitled.canvas"
  ]
}